{
  "applications": "*",
  "entityTableName": "department",
  "fields": [
    {
      "fieldName": "departmentName",
      "fieldType": "String",
      "fieldValidateRules": ["required"]
    }
  ],
  "name": "Department",
  "relationships": [
    {
      "otherEntityName": "location",
      "relationshipName": "location",
      "relationshipSide": "left",
      "relationshipType": "one-to-one"
    },
    {
      "javadoc": "A relationship",
      "otherEntityName": "employee",
      "otherEntityRelationshipName": "department",
      "relationshipName": "employee",
      "relationshipSide": "left",
      "relationshipType": "one-to-many"
    }
  ],
  "service": "serviceImpl"
}
