{
  "applications": "*",
  "entityTableName": "job",
  "fields": [
    {
      "fieldName": "jobTitle",
      "fieldType": "String"
    },
    {
      "fieldName": "minSalary",
      "fieldType": "Long"
    },
    {
      "fieldName": "maxSalary",
      "fieldType": "Long"
    }
  ],
  "name": "Job",
  "pagination": "pagination",
  "relationships": [
    {
      "otherEntityField": "title",
      "otherEntityName": "task",
      "otherEntityRelationshipName": "job",
      "relationshipName": "task",
      "relationshipSide": "left",
      "relationshipType": "many-to-many"
    },
    {
      "otherEntityName": "employee",
      "relationshipName": "employee",
      "relationshipSide": "right",
      "relationshipType": "many-to-one"
    }
  ]
}
