{
  "applications": "*",
  "entityTableName": "job_history",
  "fields": [
    {
      "fieldName": "startDate",
      "fieldType": "Instant"
    },
    {
      "fieldName": "endDate",
      "fieldType": "Instant"
    },
    {
      "fieldName": "language",
      "fieldType": "Language",
      "fieldValues": "FRENCH,ENGLISH,SPANISH"
    }
  ],
  "name": "JobHistory",
  "pagination": "infinite-scroll",
  "relationships": [
    {
      "otherEntityName": "job",
      "relationshipName": "job",
      "relationshipSide": "left",
      "relationshipType": "one-to-one"
    },
    {
      "otherEntityName": "department",
      "relationshipName": "department",
      "relationshipSide": "left",
      "relationshipType": "one-to-one"
    },
    {
      "otherEntityName": "employee",
      "relationshipName": "employee",
      "relationshipSide": "left",
      "relationshipType": "one-to-one"
    }
  ],
  "service": "serviceImpl"
}
