{
  "applications": "*",
  "entityTableName": "location",
  "fields": [
    {
      "fieldName": "streetAddress",
      "fieldType": "String"
    },
    {
      "fieldName": "postalCode",
      "fieldType": "String"
    },
    {
      "fieldName": "city",
      "fieldType": "String"
    },
    {
      "fieldName": "stateProvince",
      "fieldType": "String"
    }
  ],
  "javadoc": "not an ignored comment",
  "name": "Location",
  "relationships": [
    {
      "otherEntityName": "country",
      "relationshipName": "country",
      "relationshipSide": "left",
      "relationshipType": "one-to-one"
    }
  ],
  "service": "serviceImpl"
}
