{
  "generator-jhipster": {
    "applicationType": "monolith",
    "authenticationType": "jwt",
    "baseName": "hack",
    "buildTool": "maven",
    "cacheProvider": null,
    "clientFramework": "angular",
    "clientTheme": "none",
    "creationTimestamp": 1689964300359,
    "databaseType": "sql",
    "devDatabaseType": "postgresql",
    "devServerPort": 4200,
    "dtoSuffix": "DTO",
    "enableGradleEnterprise": null,
    "enableHibernateCache": null,
    "enableSwaggerCodegen": false,
    "enableTranslation": false,
    "entities": [],
    "entitySuffix": "",
    "gradleEnterpriseHost": null,
    "jhiPrefix": "jhi",
    "jhipsterVersion": "8.0.0-beta.2",
    "jwtSecretKey": "YjQxMGVjZGI1NDAyZWQyNTE0MmExYTc2MGNlZDhkOTMyYjc2MTk4ZTM1N2MyODkxN2JiZTJmMWUyZjlmOWRiZGMxNzYzODI0NzkyZGQyMDk0YjJmMWIyM2Q2NjM0ZGZlZmY0MjQ4MTY5OGI2ODVmZWZlNmFmOWJmODJmM2YzMGM=",
    "messageBroker": false,
    "microfrontend": false,
    "microfrontends": [],
    "nativeLanguage": "fr",
    "packageFolder": "com/mycompany/myapp",
    "packageName": "com.mycompany.myapp",
    "pages": [],
    "prodDatabaseType": "postgresql",
    "reactive": true,
    "searchEngine": false,
    "serverPort": null,
    "serverSideOptions": [],
    "serviceDiscoveryType": false,
    "skipCheckLengthOfIdentifier": false,
    "skipClient": false,
    "skipFakeData": false,
    "skipUserManagement": false,
    "testFrameworks": [],
    "websocket": false,
    "withAdminUi": true
  }
}
