{
  "generator-jhipster": {
    "applicationType": "monolith",
    "authenticationType": "jwt",
    "baseName": "test",
    "buildTool": "maven",
    "cacheProvider": "ehcache",
    "clientFramework": "angular",
    "clientTheme": "none",
    "creationTimestamp": 1690023455850,
    "databaseType": "sql",
    "devDatabaseType": "h2Disk",
    "devServerPort": 4200,
    "dtoSuffix": "DTO",
    "enableGradleEnterprise": null,
    "enableHibernateCache": false,
    "enableSwaggerCodegen": false,
    "enableTranslation": false,
    "entities": [],
    "entitySuffix": "",
    "gradleEnterpriseHost": null,
    "jhiPrefix": "jhi",
    "jhipsterVersion": "8.0.0-beta.2",
    "jwtSecretKey": "NDJjOWFiYTgxNjcyNmM4ZTQxYjRmNmIzMmNlYWI5YTY2Yzk0NzAzZWJmZmJmNTc4MDliMzFmOGU0NjhhMGNhMjBmM2ZkZGU5ZTI5ZTc5YTUzOGRkMzBiNWMyYjMzMjIyZTIyMWNmNzVjMjE3ZWEzMTg3NjJhMmY4MGIxOWQxMWE=",
    "messageBroker": false,
    "microfrontend": false,
    "microfrontends": [],
    "nativeLanguage": "fr",
    "packageFolder": "com/test/test",
    "packageName": "com.test.test",
    "pages": [],
    "prodDatabaseType": "postgresql",
    "reactive": false,
    "searchEngine": false,
    "serverPort": null,
    "serverSideOptions": [],
    "serviceDiscoveryType": false,
    "skipCheckLengthOfIdentifier": false,
    "skipClient": false,
    "skipFakeData": false,
    "skipUserManagement": false,
    "testFrameworks": [],
    "websocket": false,
    "withAdminUi": true
  }
}
